Div,Date,HomeTeam,AwayTeam,FTHG,FTAG,FTR,B365H,B365D,B365A
B1,05/04/2026,KVC Westerlo,Charleroi,,,,2.55,3.35,2.65
D1,05/04/2026,Union Berlin,FC St. Pauli,,,,2.22,3.05,3.4
D1,05/04/2026,Eintracht Frankfurt,1. FC Köln,,,,1.9,3.65,3.7
D2,05/04/2026,Hannover 96,SV Elversberg,,,,2.2,3.5,3.1
D2,05/04/2026,FC Schalke 04,Karlsruher SC,,,,1.45,4.33,6.75
D2,05/04/2026,SpVgg Greuther Fürth,SC Paderborn 07,,,,3.8,3.75,1.85
D2,05/04/2026,Holstein Kiel,Preußen Münster,,,,1.9,3.6,3.75
D2,05/04/2026,Eintracht Braunschweig,1. FC Nürnberg,,,,2.5,3.5,2.6
I1,05/04/2026,Cremonese,Bologna,,,,3.25,3.25,2.2
I1,05/04/2026,Pisa,Torino,,,,3.25,2.96,2.36
I1,05/04/2026,Inter,AS Roma,,,,1.64,3.8,5.1
I2,05/04/2026,Frosinone,Padova,,,,1.47,4.55,6.0
I2,05/04/2026,Palermo,Avellino,,,,1.63,3.85,5.1
N1,05/04/2026,GO Ahead Eagles,PEC Zwolle,,,,1.92,3.75,3.55
N1,05/04/2026,Heerenveen,Heracles,,,,1.44,4.9,5.9
N1,05/04/2026,FC Volendam,Feyenoord,,,,6.2,4.55,1.45
N1,05/04/2026,NAC Breda,Sparta Rotterdam,,,,2.32,3.4,2.92
SC0,05/04/2026,Livingston,Heart Of Midlothian,,,,7.2,4.45,1.42
SC0,05/04/2026,Dundee,Celtic,,,,6.0,4.3,1.48
SC3,05/04/2026,Raith Rovers,Inverness CT,,,,2.62,3.3,2.4
SP1,05/04/2026,Getafe,Athletic Club,,,,2.95,2.84,2.65
SP1,05/04/2026,Valencia,Celta Vigo,,,,2.3,3.2,3.1
SP1,05/04/2026,Oviedo,Sevilla,,,,2.68,2.92,2.84
SP1,05/04/2026,Alaves,Osasuna,,,,2.6,3.1,2.76
SP2,05/04/2026,Eibar,AD Ceuta FC,,,,1.64,3.6,5.5
SP2,05/04/2026,FC Andorra,Racing Santander,,,,2.28,3.65,2.78
SP2,05/04/2026,Las Palmas,Huesca,,,,1.48,4.1,6.6
SP2,05/04/2026,Almeria,Leganes,,,,1.54,4.1,5.6
SP2,05/04/2026,Zaragoza,Mirandes,,,,2.0,3.35,3.7
B1,06/04/2026,Club Brugge KV,Anderlecht,,,,1.44,4.6,6.4
B1,06/04/2026,RAAL La Louvière,Dender,,,,1.9,3.4,4.1
B1,06/04/2026,Gent,KV Mechelen,,,,1.9,3.75,3.6
E1,06/04/2026,Portsmouth,Oxford,,,,1.9,3.35,4.1
E1,06/04/2026,Millwall,Norwich,,,,2.18,3.5,3.1
E1,06/04/2026,Watford,Charlton,,,,1.9,3.4,4.0
E1,06/04/2026,Bristol City,Sheffield Utd,,,,2.7,3.5,2.42
E1,06/04/2026,Ipswich,Birmingham,,,,1.65,3.85,4.9
E1,06/04/2026,Preston,QPR,,,,2.32,3.25,3.0
E1,06/04/2026,Blackburn,West Brom,,,,2.64,3.1,2.72
E1,06/04/2026,Derby,Stoke,,,,1.9,3.55,3.85
E1,06/04/2026,Sheffield Weds,Leicester,,,,6.25,3.95,1.52
E1,06/04/2026,Swansea,Middlesbrough,,,,3.8,3.55,1.9
E1,06/04/2026,Hull,Coventry,,,,3.75,3.6,1.9
E2,06/04/2026,Reading,Lincoln,,,,3.7,3.55,1.92
E2,06/04/2026,Bolton,Stockport,,,,2.1,3.55,3.2
E2,06/04/2026,Barnsley,Plymouth,,,,3.05,3.6,2.18
E2,06/04/2026,AFC Wimbledon,Luton,,,,3.1,3.45,2.18
E2,06/04/2026,Northampton,Wigan,,,,2.8,3.15,2.52
E2,06/04/2026,Peterborough,Cardiff,,,,4.2,4.1,1.7
E2,06/04/2026,Wycombe,Bradford,,,,2.1,3.35,3.4
E2,06/04/2026,Exeter,Doncaster,,,,2.82,3.35,2.38
E2,06/04/2026,Stevenage,Blackpool,,,,1.8,3.35,4.65
E2,06/04/2026,Leyton Orient,Huddersfield,,,,2.98,3.3,2.32
E2,06/04/2026,Mansfield,Burton,,,,2.12,3.35,3.3
E3,06/04/2026,Fleetwood Town,Barnet,,,,2.96,3.3,2.32
E3,06/04/2026,Gillingham,Accrington ST,,,,1.99,3.3,3.8
E3,06/04/2026,Oldham,Milton Keynes Dons,,,,2.7,3.3,2.52
E3,06/04/2026,Swindon,Walsall,,,,2.08,3.35,3.45
E3,06/04/2026,Crawley Town,Grimsby,,,,3.1,3.45,2.18
E3,06/04/2026,Crewe,Salford,,,,2.7,3.3,2.52
E3,06/04/2026,Cheltenham,Cambridge,,,,5.7,3.65,1.62
E3,06/04/2026,Notts County,Newport County,,,,1.52,4.0,6.0
E3,06/04/2026,Tranmere,Colchester,,,,3.2,3.35,2.18
E3,06/04/2026,Barrow,Chesterfield,,,,3.45,3.3,2.1
E3,06/04/2026,Harrogate,Bristol Rvs,,,,2.62,3.3,2.62
EC,06/04/2026,Hartlepool,Rochdale,,,,3.95,3.3,1.83
EC,06/04/2026,Morecambe,Carlisle,,,,3.6,3.8,1.77
EC,06/04/2026,Eastleigh,Yeovil,,,,2.38,3.3,2.7
EC,06/04/2026,Gateshead,Scunthorpe,,,,3.1,3.7,1.95
EC,06/04/2026,York,Altrincham,,,,1.14,6.5,13.0
EC,06/04/2026,Braintree,Woking,,,,3.45,3.4,1.91
EC,06/04/2026,Solihull,Boreham Wood,,,,3.45,3.55,1.9
EC,06/04/2026,Sutton Utd,Southend,,,,4.0,3.7,1.73
EC,06/04/2026,FC Halifax Town,Tamworth,,,,2.0,3.35,3.35
EC,06/04/2026,Truro City,Forest Green,,,,4.33,3.65,1.68
EC,06/04/2026,Brackley Town,Boston Utd,,,,2.95,3.35,2.2
EC,06/04/2026,Wealdstone,Aldershot,,,,2.25,3.5,2.75
I1,06/04/2026,Udinese,Como,,,,4.85,3.65,1.69
I1,06/04/2026,Lecce,Atalanta,,,,4.75,3.55,1.73
I1,06/04/2026,Juventus,Genoa,,,,1.38,4.4,8.6
I1,06/04/2026,Napoli,AC Milan,,,,2.44,2.98,3.1
I2,06/04/2026,Cesena,Sudtirol,,,,2.2,3.25,3.25
I2,06/04/2026,Bari,Modena,,,,4.3,3.4,1.84
I2,06/04/2026,Venezia,Juve Stabia,,,,1.42,4.35,7.4
I2,06/04/2026,Reggiana,Pescara,,,,2.92,3.4,2.32
I2,06/04/2026,Catanzaro,Monza,,,,2.88,3.4,2.35
I2,06/04/2026,Mantova,Virtus Entella,,,,1.9,3.35,4.1
I2,06/04/2026,Sampdoria,Empoli,,,,2.34,3.15,3.1
I2,06/04/2026,Carrarese,Spezia,,,,2.0,3.2,3.85
SP1,06/04/2026,Girona,Villarreal,,,,3.0,3.4,2.25
SP2,06/04/2026,Castellón,Granada CF,,,,1.67,3.75,4.85
SP2,06/04/2026,Sporting Gijon,Real Sociedad II,,,,1.74,3.75,4.4
E1,07/04/2026,Wrexham,Southampton,,,,2.55,3.5,2.55
E2,07/04/2026,Port Vale,Rotherham,,,,2.32,3.35,2.95
E3,07/04/2026,Bromley,Shrewsbury,,,,1.69,3.65,4.85
SC1,07/04/2026,Ayr Utd,Dunfermline,,,,2.18,3.3,3.05
B1,10/04/2026,Charleroi,Antwerp,,,,,,
D1,10/04/2026,FC Augsburg,1899 Hoffenheim,,,,3.1,3.7,2.1
D2,10/04/2026,Fortuna Düsseldorf,Holstein Kiel,,,,2.15,3.75,2.95
D2,10/04/2026,Karlsruher SC,Arminia Bielefeld,,,,2.9,3.8,2.15
E0,10/04/2026,West Ham,Wolves,,,,1.81,3.65,4.1
E1,10/04/2026,West Brom,Millwall,,,,,,
E3,10/04/2026,Colchester,Swindon,,,,,,
I1,10/04/2026,AS Roma,Pisa,,,,1.36,4.6,8.5
I2,10/04/2026,Frosinone,Palermo,,,,2.52,3.55,2.55
N1,10/04/2026,Twente,FC Volendam,,,,1.16,7.0,14.5
SC1,10/04/2026,Queen's Park,Ross County,,,,,,
SP1,10/04/2026,Real Madrid,Girona,,,,1.2,6.25,12.5
SP2,10/04/2026,AD Ceuta FC,Real Sociedad II,,,,,,
B1,11/04/2026,Cercle Brugge,RAAL La Louvière,,,,,,
B1,11/04/2026,Standard Liege,KVC Westerlo,,,,,,
B1,11/04/2026,St. Truiden,Club Brugge KV,,,,,,
D1,11/04/2026,VfL Wolfsburg,Eintracht Frankfurt,,,,2.4,3.55,2.68
D1,11/04/2026,Borussia Dortmund,Bayer Leverkusen,,,,1.9,3.8,3.55
D1,11/04/2026,RB Leipzig,Borussia Mönchengladbach,,,,1.51,4.35,5.6
D1,11/04/2026,1. FC Heidenheim,Union Berlin,,,,3.15,3.5,2.16
D1,11/04/2026,FC St. Pauli,Bayern München,,,,9.0,5.1,1.31
D2,11/04/2026,Hertha BSC,1. FC Kaiserslautern,,,,1.8,3.85,3.9
D2,11/04/2026,1. FC Nürnberg,Dynamo Dresden,,,,2.1,3.65,3.1
D2,11/04/2026,Preußen Münster,SpVgg Greuther Fürth,,,,1.85,3.8,3.8
D2,11/04/2026,SV Darmstadt 98,Hannover 96,,,,,,
E0,11/04/2026,Arsenal,Bournemouth,,,,1.41,4.45,7.5
E0,11/04/2026,Burnley,Brighton,,,,4.6,3.75,1.7
E0,11/04/2026,Brentford,Everton,,,,2.2,3.3,3.2
E0,11/04/2026,Liverpool,Fulham,,,,1.58,4.2,5.1
E1,11/04/2026,Norwich,Ipswich,,,,,,
E1,11/04/2026,QPR,Bristol City,,,,,,
E1,11/04/2026,Coventry,Sheffield Weds,,,,,,
E1,11/04/2026,Southampton,Derby,,,,,,
E1,11/04/2026,Leicester,Swansea,,,,,,
E1,11/04/2026,Sheffield Utd,Hull,,,,,,
E1,11/04/2026,Middlesbrough,Portsmouth,,,,,,
E1,11/04/2026,Stoke,Blackburn,,,,,,
E1,11/04/2026,Charlton,Preston,,,,,,
E1,11/04/2026,Oxford,Watford,,,,,,
E2,11/04/2026,Cardiff,Bolton,,,,,,
E2,11/04/2026,Plymouth,Exeter,,,,,,
E2,11/04/2026,Lincoln,Leyton Orient,,,,,,
E2,11/04/2026,Huddersfield,Wycombe,,,,,,
E2,11/04/2026,Wigan,Mansfield,,,,,,
E2,11/04/2026,Rotherham,Barnsley,,,,,,
E2,11/04/2026,Burton,AFC Wimbledon,,,,,,
E2,11/04/2026,Bradford,Stevenage,,,,,,
E2,11/04/2026,Doncaster,Reading,,,,,,
E2,11/04/2026,Blackpool,Peterborough,,,,,,
E3,11/04/2026,Bristol Rvs,Crawley Town,,,,,,
E3,11/04/2026,Milton Keynes Dons,Bromley,,,,,,
E3,11/04/2026,Walsall,Cheltenham,,,,,,
E3,11/04/2026,Chesterfield,Tranmere,,,,,,
E3,11/04/2026,Shrewsbury,Oldham,,,,,,
E3,11/04/2026,Accrington ST,Fleetwood Town,,,,,,
E3,11/04/2026,Grimsby,Crewe,,,,,,
E3,11/04/2026,Newport County,Harrogate,,,,,,
E3,11/04/2026,Barnet,Barrow,,,,,,
E3,11/04/2026,Cambridge,Notts County,,,,,,
E3,11/04/2026,Salford,Gillingham,,,,,,
EC,11/04/2026,Boreham Wood,Hartlepool,,,,,,
EC,11/04/2026,Tamworth,York,,,,,,
EC,11/04/2026,Scunthorpe,Brackley Town,,,,,,
EC,11/04/2026,Southend,Solihull,,,,,,
EC,11/04/2026,Carlisle,Sutton Utd,,,,,,
EC,11/04/2026,Yeovil,FC Halifax Town,,,,,,
EC,11/04/2026,Forest Green,Braintree,,,,,,
EC,11/04/2026,Aldershot,Gateshead,,,,,,
EC,11/04/2026,Woking,Morecambe,,,,,,
EC,11/04/2026,Altrincham,Eastleigh,,,,,,
EC,11/04/2026,Boston Utd,Truro City,,,,,,
EC,11/04/2026,Rochdale,Wealdstone,,,,,,
I1,11/04/2026,Cagliari,Cremonese,,,,2.24,2.94,3.5
I1,11/04/2026,Torino,Hellas Verona,,,,1.84,3.35,4.4
I1,11/04/2026,AC Milan,Udinese,,,,1.36,4.45,9.1
I1,11/04/2026,Atalanta,Juventus,,,,3.05,3.5,2.2
I2,11/04/2026,Pescara,Sampdoria,,,,,,
I2,11/04/2026,Virtus Entella,Venezia,,,,,,
I2,11/04/2026,Juve Stabia,Cesena,,,,,,
I2,11/04/2026,Sudtirol,Modena,,,,,,
I2,11/04/2026,Avellino,Catanzaro,,,,,,
I2,11/04/2026,Monza,Bari,,,,,,
N1,11/04/2026,Utrecht,Telstar,,,,1.63,3.9,5.0
N1,11/04/2026,Sparta Rotterdam,PSV Eindhoven,,,,4.3,4.33,1.65
N1,11/04/2026,Groningen,GO Ahead Eagles,,,,1.81,3.85,3.9
N1,11/04/2026,Heracles,Ajax,,,,5.75,4.4,1.5
SC0,11/04/2026,Celtic,ST Mirren,,,,1.21,6.2,12.5
SC0,11/04/2026,Kilmarnock,Dundee,,,,2.25,3.4,3.0
SC0,11/04/2026,Aberdeen,Hibernian,,,,3.45,3.4,2.06
SC0,11/04/2026,Heart Of Midlothian,Motherwell,,,,1.89,3.5,3.9
SC0,11/04/2026,Dundee Utd,Livingston,,,,1.77,3.6,4.45
SC1,11/04/2026,ST Johnstone,Airdrie United,,,,,,
SC1,11/04/2026,Partick,Dunfermline,,,,,,
SC1,11/04/2026,Raith Rovers,Morton,,,,,,
SC1,11/04/2026,Ayr Utd,Arbroath,,,,,,
SP1,11/04/2026,Real Sociedad,Alaves,,,,1.76,3.45,4.7
SP1,11/04/2026,Elche,Valencia,,,,2.32,3.25,3.0
SP1,11/04/2026,Barcelona,Espanyol,,,,1.21,6.4,11.5
SP1,11/04/2026,Sevilla,Atletico Madrid,,,,3.25,3.5,2.1
SP2,11/04/2026,Leganes,Albacete,,,,,,
SP2,11/04/2026,Burgos,Sporting Gijon,,,,,,
SP2,11/04/2026,Malaga,Las Palmas,,,,,,
SP2,11/04/2026,Cordoba,Zaragoza,,,,,,
