tier,Date,HomeTeam,AwayTeam,prediction,pred_scoreline,confidence,dti,chaos_tier,home_form,away_form,home_gd,away_gd,odds_draw_prob,h2h_draw_rate,h2h_home_edge,draw_score,btts_flag,btts_prob,upset_score,upset_flag,B365H,B365D,B365A
B1,05/04/2026,KVC Westerlo,Charleroi,A,2-0,0.6081,0.7063,MED,0.5,0.8800000000000001,0.0,1.2,0.2794953986144142,0.26,0.0,0.0,1,0.9,0.2824,0,2.55,3.35,2.65
D1,05/04/2026,Eintracht Frankfurt,1. FC Köln,H,1-2,0.2708,1.0,HIGH,0.5,0.5,0.0,0.0,0.2559155442300692,0.26,0.0,0.0,1,1.0,0.1219,0,1.9,3.65,3.7
D1,05/04/2026,Union Berlin,FC St. Pauli,A,3-1,0.2657,0.8626,HIGH,0.4,0.5,-1.2,0.0,0.305723196565272,0.26,0.0,0.0,1,0.7,0.1031,0,2.22,3.05,3.4
D2,05/04/2026,Hannover 96,SV Elversberg,H,1-4,0.2722,1.0,HIGH,0.5,0.5,0.0,0.0,0.2688214426487978,0.26,0.0,0.0,1,1.0,0.1225,0,2.2,3.5,3.1
D2,05/04/2026,FC Schalke 04,Karlsruher SC,H,0-0,0.2722,1.0,HIGH,0.5,0.5,0.0,0.0,0.2160906090277854,0.26,0.0,0.08,1,1.0,0.1225,0,1.45,4.33,6.75
D2,05/04/2026,SpVgg Greuther Fürth,SC Paderborn 07,H,3-0,0.2722,1.0,HIGH,0.5,0.5,0.0,0.0,0.24913617435988308,0.26,0.0,0.0,1,1.0,0.1317,0,3.8,3.75,1.85
D2,05/04/2026,Holstein Kiel,Preußen Münster,H,4-1,0.7417,0.7964,HIGH,0.27999999999999997,0.2,-0.8,-1.8,0.25942108137629716,0.26,0.0,0.0,1,1.0,0.3534,0,1.9,3.6,3.75
D2,05/04/2026,Eintracht Braunschweig,1. FC Nürnberg,H,2-0,0.2722,1.0,HIGH,0.5,0.5,0.0,0.0,0.2669404517453799,0.26,0.0,0.0,1,1.0,0.1225,0,2.5,3.5,2.6
I1,05/04/2026,Cremonese,Bologna,A,3-1,0.8422,0.6893,MED,0.2,0.6,-1.4,0.0,0.2875816993464052,0.3333333333333333,0.0,0.0,1,0.5333,0.4073,0,3.25,3.25,2.2
I1,05/04/2026,Pisa,Torino,A,2-2,0.7903,0.7133,MED,0.2,0.4,-1.8,0.0,0.31595511542454147,0.26,0.0,0.08,1,0.8,0.3916,0,3.25,2.96,2.36
I1,05/04/2026,Inter,AS Roma,H,1-0,0.6417,0.9221,HIGH,0.5599999999999999,0.5,0.6,0.0,0.2461737697198022,0.26,0.0,0.0,1,0.63,0.2912,0,1.64,3.8,5.1
I2,05/04/2026,Frosinone,Padova,H,6-0,1.0,0.494,LOW,0.76,0.08,1.2,-1.2,0.20603384841795436,0.6,0.0,0.0,1,0.6667,0.3491,0,1.47,4.55,6.0
I2,05/04/2026,Palermo,Avellino,H,1-1,0.5481,0.88,HIGH,0.6799999999999999,0.6,0.0,-0.4,0.24290326822212804,0.2,0.8,0.08,1,0.8667,0.217,0,1.63,3.85,5.1
N1,05/04/2026,NAC Breda,Sparta Rotterdam,H,0-1,0.1098,0.8731,HIGH,0.27999999999999997,0.27999999999999997,-1.8,-1.0,0.2754896219662958,0.4,-0.2,0.0,1,1.0,0.0831,0,2.32,3.4,2.92
N1,05/04/2026,FC Volendam,Feyenoord,H,3-1,0.2913,0.961,HIGH,0.5,0.5599999999999999,0.0,0.0,0.2052628574690336,0.26,0.0,0.0,1,1.0,0.1752,0,6.2,4.55,1.45
N1,05/04/2026,GO Ahead Eagles,PEC Zwolle,H,3-0,0.3292,1.0,HIGH,0.5,0.5,0.0,0.0,0.24940995663867388,0.26,0.0,0.0,1,1.0,0.1481,0,1.92,3.75,3.55
N1,05/04/2026,Heerenveen,Heracles,H,4-1,1.0,0.6076,MED,0.6799999999999999,0.16,0.6,-2.0,0.19108452161396247,0.16666666666666666,0.5,0.0,1,0.6,0.3958,0,1.44,4.9,5.9
SC0,05/04/2026,Dundee,Celtic,H,2-2,0.4498,0.9443,HIGH,0.5599999999999999,0.48,0.2,0.0,0.2163531819510769,0.16666666666666666,-0.5,0.08,1,1.0,0.3943,0,6.0,4.3,1.48
SC0,05/04/2026,Livingston,Heart Of Midlothian,A,1-1,0.0994,0.8597,HIGH,0.32,0.5,-0.4,0.0,0.21044398246300144,0.26,0.0,0.08,1,0.8056,0.0385,0,7.2,4.45,1.42
SC3,05/04/2026,Raith Rovers,Inverness CT,H,1-1,0.2858,1.0,HIGH,0.5,0.5,0.0,0.0,0.27513783145182463,0.26,0.0,0.08,1,1.0,0.1286,0,2.62,3.3,2.4
SP1,05/04/2026,Alaves,Osasuna,H,1-2,0.3302,0.9015,HIGH,0.36,0.48,-0.4,-0.2,0.3016139878950908,0.3333333333333333,-0.6666666666666666,0.0,1,1.0,0.2673,0,2.6,3.1,2.76
SP1,05/04/2026,Oviedo,Sevilla,H,0-4,0.372,0.8795,HIGH,0.27999999999999997,0.36,-1.0,-0.8,0.32074708381093653,0.26,0.0,0.0,1,0.9333,0.1551,0,2.68,2.92,2.84
SP1,05/04/2026,Getafe,Athletic Club,H,2-2,0.7477,0.91,HIGH,0.6,0.5,0.4,0.0,0.329553358767363,0.26,0.0,0.08,1,0.5833,0.4568,0,2.95,2.84,2.65
SP1,05/04/2026,Valencia,Celta Vigo,H,1-0,0.7477,0.91,HIGH,0.6,0.5,0.4,0.0,0.29209340434248254,0.26,0.0,0.0,1,0.8056,0.4256,0,2.3,3.2,3.1
SP2,05/04/2026,Zaragoza,Mirandes,H,0-1,1.0,0.7538,HIGH,0.6799999999999999,0.36,0.8,-0.6,0.27929798075108514,0.5,0.16666666666666666,0.0,1,0.5333,0.5255,0,2.0,3.35,3.7
SP2,05/04/2026,Almeria,Leganes,H,6-0,0.9508,0.8302,HIGH,0.6,0.36,1.0,0.2,0.22755818248984117,0.5,0.5,0.0,1,0.9333,0.4759,0,1.54,4.1,5.6
SP2,05/04/2026,Las Palmas,Huesca,H,1-2,1.0,0.6194,MED,0.6,0.16,0.8,-1.2,0.2277135397239836,0.5,0.16666666666666666,0.0,1,0.8,0.4079,0,1.48,4.1,6.6
SP2,05/04/2026,FC Andorra,Racing Santander,H,1-1,0.2729,1.0,HIGH,0.5,0.5,0.0,0.0,0.25550440594338786,0.26,0.0,0.08,1,1.0,0.1228,0,2.28,3.65,2.78
SP2,05/04/2026,Eibar,AD Ceuta FC,H,1-1,1.0,0.6857,MED,0.8800000000000001,0.5,1.0,0.0,0.25976270014975233,0.26,0.0,0.08,1,0.51,0.459,0,1.64,3.6,5.5
B1,06/04/2026,Club Brugge KV,Anderlecht,H,5-3,0.4895,0.9272,HIGH,0.5,0.4,0.0,-0.2,0.20353356890459365,0.26,0.0,0.0,1,0.87,0.2042,0,1.44,4.6,6.4
B1,06/04/2026,RAAL La Louvière,Dender,H,2-2,0.4663,0.909,HIGH,0.5,0.36,0.0,0.0,0.27633912735012417,0.26,0.0,0.08,1,1.0,0.1907,0,1.9,3.4,4.1
B1,06/04/2026,Gent,KV Mechelen,A,0-4,1.0,0.5817,MED,0.0,0.5,-2.4,0.0,0.24904423812124518,0.26,0.0,0.0,1,0.7,0.521,0,1.9,3.75,3.6
E1,06/04/2026,Portsmouth,Oxford,A,0-1,0.5542,0.582,MED,0.08,0.6799999999999999,-1.6,0.4,0.27931158121190386,0.3333333333333333,0.6666666666666666,0.0,1,0.5333,0.3926,0,1.9,3.35,4.1
E1,06/04/2026,Millwall,Norwich,H,1-1,0.475,0.84,HIGH,0.6799999999999999,0.8,0.8,1.0,0.26777082177668593,0.0,0.0,0.08,0,0.4889,0.1953,0,2.18,3.5,3.1
E1,06/04/2026,Watford,Charlton,H,0-1,0.6879,0.946,HIGH,0.5599999999999999,0.48,0.2,0.0,0.274765003615329,0.0,0.0,0.0,0,0.4,0.3615,0,1.9,3.4,4.0
E1,06/04/2026,Bristol City,Sheffield Utd,A,1-1,0.0799,0.667,MED,0.08,0.5,-1.2,0.0,0.26719555083013,0.26,0.0,0.08,1,0.6333,0.024,0,2.7,3.5,2.42
E1,06/04/2026,Ipswich,Birmingham,H,3-0,1.0,0.762,HIGH,0.6399999999999999,0.27999999999999997,0.6,-0.6,0.24277456647398843,0.6666666666666666,0.0,0.0,0,0.4978,0.4946,0,1.65,3.85,4.9
E1,06/04/2026,Preston,QPR,A,0-2,0.0732,0.76,HIGH,0.2,0.4,-1.4,0.0,0.28701030927835053,0.16666666666666666,-0.5,0.0,1,0.8667,0.025,0,2.32,3.25,3.0
E1,06/04/2026,Blackburn,West Brom,H,0-1,0.0914,0.844,HIGH,0.36,0.5599999999999999,-0.4,0.6,0.30175485779600614,0.3333333333333333,0.0,0.0,0,0.4622,0.0347,0,2.64,3.1,2.72
E1,06/04/2026,Sheffield Weds,Leicester,H,0-3,0.0761,0.712,MED,0.08,0.36,-1.4,-0.4,0.23636838635034768,0.16666666666666666,-0.16666666666666666,0.0,1,0.6667,0.0577,0,6.25,3.95,1.52
E1,06/04/2026,Swansea,Middlesbrough,A,0-2,0.3226,0.82,HIGH,0.4,0.5599999999999999,-1.0,1.0,0.26297577854671284,0.0,-0.6666666666666666,0.0,0,0.4667,0.119,0,3.8,3.55,1.9
E1,06/04/2026,Hull,Coventry,A,0-2,0.5382,0.67,MED,0.4,0.8,-0.6,1.6,0.2594210813762971,0.6666666666666666,0.0,0.0,1,0.6,0.1786,0,3.75,3.6,1.9
E1,06/04/2026,Derby,Stoke,H,2-0,1.0,0.68,MED,0.8,0.27999999999999997,0.8,-0.6,0.26381750969254353,0.16666666666666666,-0.16666666666666666,0.0,1,0.7333,0.5168,0,1.9,3.55,3.85
E2,06/04/2026,Exeter,Doncaster,A,0-2,1.0,0.508,MED,0.08,0.76,-1.6,0.6,0.27812494820069944,0.26,0.0,0.0,0,0.2667,0.4416,0,2.82,3.35,2.38
E2,06/04/2026,Reading,Lincoln,A,1-1,0.7603,0.664,MED,0.48,0.8800000000000001,0.4,1.6,0.2625762335982258,0.4,-0.6,0.08,1,0.6667,0.3234,0,3.7,3.55,1.92
E2,06/04/2026,Barnsley,Plymouth,A,2-0,0.988,0.64,MED,0.43999999999999995,0.8800000000000001,0.0,1.4,0.2609804922086588,0.2,0.4,0.0,1,0.6667,0.5595,0,3.05,3.6,2.18
E2,06/04/2026,Bolton,Stockport,H,0-2,1.0,0.914,HIGH,0.5599999999999999,0.48,0.8,0.2,0.26316820050910517,0.0,-1.0,0.0,1,0.9333,0.8056,1,2.1,3.55,3.2
E2,06/04/2026,Mansfield,Burton,H,2-0,1.0,0.828,HIGH,0.6399999999999999,0.4,0.8,0.0,0.27813779668429217,0.6666666666666666,-0.3333333333333333,0.0,1,0.52,0.6354,1,2.12,3.35,3.3
E2,06/04/2026,Stevenage,Blackpool,H,0-0,1.0,0.888,HIGH,0.6,0.48,0.2,-0.4,0.27920940705529146,0.2,0.0,0.08,0,0.48,0.5677,0,1.8,3.35,4.65
E2,06/04/2026,Wycombe,Bradford,H,0-3,0.8165,0.912,HIGH,0.4,0.48,0.4,0.0,0.2792880891844318,0.3333333333333333,0.0,0.0,1,0.8667,0.4649,0,2.1,3.35,3.4
E2,06/04/2026,Peterborough,Cardiff,H,1-1,0.7981,0.909,HIGH,0.5,0.36,0.0,0.0,0.2278965847430578,0.26,0.0,0.08,1,0.6944,0.5279,0,4.2,4.1,1.7
E2,06/04/2026,Northampton,Wigan,A,3-2,0.6014,0.662,MED,0.08,0.48,-1.4,-0.4,0.2962962962962963,0.3333333333333333,-0.6666666666666666,0.0,1,0.6667,0.26,0,2.8,3.15,2.52
E2,06/04/2026,AFC Wimbledon,Luton,A,3-2,0.2569,0.786,HIGH,0.27999999999999997,0.5599999999999999,-0.6,0.2,0.2706014254825018,0.3333333333333333,-0.6666666666666666,0.0,1,1.0,0.0909,0,3.1,3.45,2.18
E2,06/04/2026,Leyton Orient,Huddersfield,H,5-1,1.0,0.606,MED,0.8800000000000001,0.36,1.2,-0.4,0.28330246357094857,0.3333333333333333,-0.3333333333333333,0.0,1,0.5333,0.5796,0,2.98,3.3,2.32
E3,06/04/2026,Harrogate,Bristol Rvs,A,0-0,1.0,0.5868,MED,0.2,0.8,-0.8,1.0,0.28416485900216926,0.0,-0.3333333333333333,0.08,0,0.4,0.4888,0,2.62,3.3,2.62
E3,06/04/2026,Barrow,Chesterfield,A,2-2,0.8163,0.6888,MED,0.27999999999999997,0.6,-1.6,0.2,0.2834507042253521,0.0,-1.0,0.08,1,0.7333,0.3828,0,3.45,3.3,2.1
E3,06/04/2026,Tranmere,Colchester,A,2-1,0.6165,0.6506,MED,0.08,0.36,-1.6,-0.2,0.27905116204648184,0.5,-0.5,0.0,0,0.3467,0.2462,0,3.2,3.35,2.18
E3,06/04/2026,Notts County,Newport County,H,0-2,0.8101,0.8145,HIGH,0.6,0.4,1.0,-0.2,0.23265306122448978,0.3333333333333333,0.3333333333333333,0.0,1,0.8667,0.3662,0,1.52,4.0,6.0
E3,06/04/2026,Crewe,Salford,A,0-1,0.2339,0.7523,HIGH,0.48,0.8,0.2,0.8,0.28314606741573034,0.3333333333333333,0.0,0.0,1,0.5778,0.0792,0,2.7,3.3,2.52
E3,06/04/2026,Cheltenham,Cambridge,A,4-0,0.3985,0.8505,HIGH,0.44000000000000006,0.5599999999999999,-0.2,1.0,0.2568424566088118,0.3333333333333333,0.3333333333333333,0.0,1,0.7333,0.2192,0,5.7,3.65,1.62
E3,06/04/2026,Crawley Town,Grimsby,A,2-1,0.4698,0.7725,HIGH,0.44000000000000006,0.6799999999999999,0.2,1.4,0.2706014254825018,0.16666666666666666,-0.16666666666666666,0.0,0,0.4978,0.1779,0,3.1,3.45,2.18
E3,06/04/2026,Swindon,Walsall,H,0-3,0.0817,0.9601,HIGH,0.5599999999999999,0.5599999999999999,0.4,0.6,0.2792054938427718,0.16666666666666666,-0.16666666666666666,0.0,0,0.4889,0.0686,0,2.08,3.35,3.45
E3,06/04/2026,Gillingham,Accrington ST,A,0-2,1.0,0.4523,LOW,0.0,0.5,-2.8,0.0,0.2835501893584312,0.26,0.0,0.0,1,0.6333,0.4674,0,1.99,3.3,3.8
E3,06/04/2026,Fleetwood Town,Barnet,H,0-1,0.1462,0.966,HIGH,0.44000000000000006,0.48,0.0,0.0,0.2827032011592675,0.0,0.3333333333333333,0.0,0,0.4444,0.0636,0,2.96,3.3,2.32
E3,06/04/2026,Oldham,Milton Keynes Dons,H,1-0,0.651,0.7664,HIGH,0.8,0.6,1.4,0.6,0.28314606741573034,0.3333333333333333,-0.6666666666666666,0.0,1,0.7333,0.4646,0,2.7,3.3,2.52
EC,06/04/2026,Brackley Town,Boston Utd,A,1-1,0.1196,0.764,HIGH,0.16,0.36,-1.6,-0.8,0.2733494787827735,0.26,0.0,0.08,1,1.0,0.0411,0,2.95,3.35,2.2
EC,06/04/2026,Truro City,Forest Green,H,1-0,0.1588,0.91,HIGH,0.5,0.6,0.0,0.4,0.24903032772013187,0.26,0.0,0.0,1,0.9,0.065,0,4.33,3.65,1.68
EC,06/04/2026,FC Halifax Town,Tamworth,H,1-0,0.2336,0.9225,HIGH,0.5,0.6,0.0,0.2,0.27210884353741494,0.26,0.0,0.0,1,0.9667,0.097,0,2.0,3.35,3.35
EC,06/04/2026,Sutton Utd,Southend,H,1-1,0.2058,0.936,HIGH,0.5,0.5599999999999999,0.0,0.4,0.24607944240958715,0.26,0.0,0.08,1,0.8056,0.0867,0,4.0,3.7,1.73
EC,06/04/2026,Solihull,Boreham Wood,A,1-3,0.5409,0.7815,HIGH,0.36,0.5599999999999999,-1.2,0.6,0.25658087875525987,0.16666666666666666,0.16666666666666666,0.0,1,0.6667,0.2451,0,3.45,3.55,1.9
EC,06/04/2026,Braintree,Woking,A,1-1,0.0982,0.833,HIGH,0.5,0.6799999999999999,0.0,0.8,0.26556108569931686,0.26,0.0,0.08,1,0.8333,0.0368,0,3.45,3.4,1.91
EC,06/04/2026,Morecambe,Carlisle,A,3-4,0.7776,0.675,MED,0.27999999999999997,0.8,0.2,1.4,0.23795653148106655,0.26,0.0,0.0,1,1.0,0.3296,0,3.6,3.8,1.77
EC,06/04/2026,Gateshead,Scunthorpe,A,1-2,0.0344,0.7605,HIGH,0.6799999999999999,0.8800000000000001,0.2,0.8,0.2444399514759401,0.0,-0.3333333333333333,0.0,1,0.9333,0.0118,0,3.1,3.7,1.95
EC,06/04/2026,Eastleigh,Yeovil,A,2-2,0.2887,0.755,HIGH,0.2,0.4,-1.2,0.0,0.2771021992238034,0.5,-0.16666666666666666,0.08,1,0.8,0.0981,0,2.38,3.3,2.7
EC,06/04/2026,Hartlepool,Rochdale,H,1-2,0.1166,0.8705,HIGH,0.6,0.6799999999999999,0.0,0.6,0.27482178500142573,0.2,-0.4,0.0,1,0.9333,0.1257,0,3.95,3.3,1.83
EC,06/04/2026,York,Altrincham,H,0-1,1.0,0.7125,MED,0.8,0.48,1.6,0.2,0.13885505481120586,0.16666666666666666,-0.5,0.0,1,0.6667,0.4935,0,1.14,6.5,13.0
EC,06/04/2026,Wealdstone,Aldershot,H,2-3,1.0,0.7675,HIGH,0.4,0.2,0.0,-1.0,0.2612137203166227,0.16666666666666666,-0.5,0.0,1,0.8667,0.6532,1,2.25,3.5,2.75
I1,06/04/2026,Lecce,Atalanta,A,2-2,0.6828,0.7122,MED,0.2,0.5599999999999999,-1.0,0.2,0.2632000384350528,0.16666666666666666,-0.5,0.08,1,0.6667,0.2688,0,4.75,3.55,1.73
I1,06/04/2026,Juventus,Genoa,H,0-3,0.3496,0.937,HIGH,0.5599999999999999,0.6,0.6,0.4,0.21276443169594833,0.3333333333333333,0.3333333333333333,0.0,1,0.8089,0.1474,0,1.38,4.4,8.6
I1,06/04/2026,Napoli,AC Milan,H,2-2,1.0,0.7661,HIGH,0.8,0.5,0.6,0.0,0.3142083312563349,0.26,0.0,0.08,1,0.8333,0.5604,0,2.44,2.98,3.1
I1,06/04/2026,Udinese,Como,A,0-1,1.0,0.5663,MED,0.48,1.0,0.6,2.2,0.2556014656583768,0.0,0.2,0.0,1,0.6667,0.4516,0,4.85,3.65,1.69
I2,06/04/2026,Cesena,Sudtirol,H,3-1,0.1283,0.85,HIGH,0.36,0.27999999999999997,-0.6,0.0,0.2875816993464052,0.3333333333333333,0.6666666666666666,0.0,1,0.8667,0.0491,0,2.2,3.25,3.25
I2,06/04/2026,Bari,Modena,A,0-3,0.3377,0.856,HIGH,0.4,0.48,-0.8,0.4,0.2748367375295262,0.5,-0.5,0.0,1,0.8,0.1301,0,4.3,3.4,1.84
I2,06/04/2026,Venezia,Juve Stabia,H,0-1,1.0,0.704,MED,0.76,0.44000000000000006,1.6,0.0,0.21499744245524297,0.3333333333333333,0.0,0.0,1,0.6,0.4363,0,1.42,4.35,7.4
I2,06/04/2026,Reggiana,Pescara,A,1-4,1.0,0.474,LOW,0.08,0.5599999999999999,-2.4,1.0,0.2754896219662958,0.0,-1.0,0.0,0,0.4667,0.422,0,2.92,3.4,2.32
I2,06/04/2026,Catanzaro,Monza,H,4-2,0.0971,0.948,HIGH,0.5599999999999999,0.5599999999999999,0.2,0.6,0.2756822810590632,0.26,0.0,0.0,1,1.0,0.0414,0,2.88,3.4,2.35
I2,06/04/2026,Mantova,Virtus Entella,H,2-2,0.2878,0.902,HIGH,0.48,0.6,0.6,0.2,0.27931158121190386,0.26,0.0,0.08,1,0.8667,0.1168,0,1.9,3.35,4.1
I2,06/04/2026,Sampdoria,Empoli,A,2-3,0.0633,0.888,HIGH,0.36,0.36,-0.8,0.0,0.2974169741697417,0.3333333333333333,0.6666666666666666,0.0,1,0.8667,0.1586,0,2.34,3.15,3.1
I2,06/04/2026,Carrarese,Spezia,H,2-1,1.0,0.796,HIGH,0.5599999999999999,0.36,0.8,-0.6,0.291445874337623,0.0,-0.3333333333333333,0.0,1,0.8667,0.6117,1,2.0,3.2,3.85
SP1,06/04/2026,Girona,Villarreal,H,3-1,0.2592,0.848,HIGH,0.36,0.6799999999999999,0.2,0.2,0.27439024390243905,0.16666666666666666,-0.5,0.0,1,1.0,0.1989,0,3.0,3.4,2.25
SP2,06/04/2026,Sporting Gijon,Real Sociedad II,H,0-2,0.2729,1.0,HIGH,0.5,0.5,0.0,0.0,0.2495355431700401,0.26,0.0,0.0,1,1.0,0.1228,0,1.74,3.75,4.4
SP2,06/04/2026,Castellón,Granada CF,H,2-1,0.2729,1.0,HIGH,0.5,0.5,0.0,0.0,0.24883638765572438,0.26,0.0,0.0,1,1.0,0.1228,0,1.67,3.75,4.85
E1,07/04/2026,Wrexham,Southampton,H,0-1,0.0735,0.728,MED,0.6,0.8800000000000001,0.2,1.2,0.26701570680628267,0.26,0.0,0.0,1,0.6667,0.0241,0,2.55,3.5,2.55
E2,07/04/2026,Port Vale,Rotherham,H,0-1,1.0,0.778,HIGH,0.27999999999999997,0.16,-1.0,-1.8,0.27936404269649157,0.16666666666666666,-0.16666666666666666,0.0,1,0.6222,0.5922,0,2.32,3.35,2.95
E3,07/04/2026,Bromley,Shrewsbury,H,1-1,1.0,0.6168,MED,0.6799999999999999,0.2,0.4,-1.4,0.2556014656583768,0.26,0.0,0.08,0,0.4,0.4343,0,1.69,3.65,4.85
SC1,07/04/2026,Ayr Utd,Dunfermline,A,1-1,0.6273,0.7465,MED,0.5,0.76,0.0,1.4,0.2781077463610507,0.26,0.0,0.08,1,0.7667,0.325,0,2.18,3.3,3.05
B1,10/04/2026,Charleroi,Antwerp,H,2-2,0.9519,0.8391,HIGH,0.6799999999999999,0.48,0.6,-0.4,0.26,0.0,0.3333333333333333,0.08,1,0.7333,0.3594,0,,,
D1,10/04/2026,FC Augsburg,1899 Hoffenheim,H,3-3,0.2708,1.0,HIGH,0.5,0.5,0.0,0.0,0.2528155339805825,0.26,0.0,0.08,1,1.0,0.1219,0,3.1,3.7,2.1
D2,10/04/2026,Karlsruher SC,Arminia Bielefeld,D,0-0,0.2207,0.675,MED,0.0,0.5,0.0,0.0,0.24523107177974435,0.26,0.0,0.08,0,0.25,0.067,0,2.9,3.8,2.15
D2,10/04/2026,Fortuna Düsseldorf,Holstein Kiel,H,1-1,0.6801,0.8315,HIGH,0.5,0.27999999999999997,0.0,-0.4,0.24904289781093553,0.26,0.0,0.08,1,0.9,0.3405,0,2.15,3.75,2.95
E0,10/04/2026,West Ham,Wolves,A,1-1,0.2946,0.8473,HIGH,0.36,0.5599999999999999,-0.8,0.4,0.2559627489868069,0.0,0.0,0.08,1,0.6667,0.1357,0,1.81,3.65,4.1
E1,10/04/2026,West Brom,Millwall,H,0-2,0.7753,0.936,HIGH,0.5599999999999999,0.48,0.8,0.4,0.26,0.8333333333333334,-0.16666666666666666,0.0,0,0.3556,0.3599,0,,,
E3,10/04/2026,Colchester,Swindon,A,1-2,0.3315,0.7204,MED,0.16,0.48,-0.4,0.4,0.26,0.3333333333333333,0.3333333333333333,0.0,0,0.1422,0.1741,0,,,
I1,10/04/2026,AS Roma,Pisa,H,3-0,0.974,0.6463,MED,0.0,0.2,0.0,-1.6,0.20310633213859022,0.26,0.0,0.0,0,0.1467,0.3837,0,1.36,4.6,8.5
I2,10/04/2026,Frosinone,Palermo,H,0-0,1.0,0.78,HIGH,0.6799999999999999,0.48,1.2,-0.2,0.26309648099244615,0.5,-0.16666666666666666,0.08,1,0.5333,0.6046,1,2.52,3.55,2.55
N1,10/04/2026,Twente,FC Volendam,H,2-2,1.0,0.5514,MED,0.8,0.0,1.0,0.0,0.1330275229357798,0.26,0.0,0.08,0,0.2222,0.3172,0,1.16,7.0,14.5
SC1,10/04/2026,Queen's Park,Ross County,H,4-0,1.0,0.7066,MED,0.5,0.16,0.0,-1.2,0.26,0.26,0.0,0.0,1,0.7,0.318,0,,,
SP1,10/04/2026,Real Madrid,Girona,H,2-1,1.0,0.807,HIGH,0.6,0.27999999999999997,0.6,0.2,0.14906832298136644,0.16666666666666666,0.5,0.0,1,0.7467,0.4414,0,1.2,6.25,12.5
SP2,10/04/2026,AD Ceuta FC,Real Sociedad II,H,0-0,0.3274,0.8,HIGH,0.0,0.0,0.0,0.0,0.26,0.26,0.0,0.08,0,0.0,0.1179,0,,,
B1,11/04/2026,St. Truiden,Club Brugge KV,H,0-1,1.0,0.675,MED,0.5,0.0,0.0,0.0,0.26,0.26,0.0,0.0,0,0.25,0.3038,0,,,
B1,11/04/2026,Standard Liege,KVC Westerlo,H,0-1,1.0,0.675,MED,0.5,0.0,0.0,0.0,0.26,0.26,0.0,0.0,0,0.25,0.3038,0,,,
B1,11/04/2026,Cercle Brugge,RAAL La Louvière,H,0-0,0.6274,0.6767,MED,0.4,0.0,-0.6,0.0,0.26,0.26,0.0,0.08,0,0.3911,0.1911,0,,,
D1,11/04/2026,FC St. Pauli,Bayern München,D,0-0,0.1408,0.675,MED,0.0,0.5,0.0,0.0,0.18315701169781426,0.26,0.0,0.08,0,0.25,0.0428,0,9.0,5.1,1.31
D1,11/04/2026,1. FC Heidenheim,Union Berlin,H,2-2,1.0,0.7205,MED,0.5,0.2,0.0,-1.4,0.2679900744416874,0.26,0.0,0.08,1,0.6333,0.57,0,3.15,3.5,2.16
D1,11/04/2026,RB Leipzig,Borussia Mönchengladbach,H,2-1,0.9881,0.8106,HIGH,0.6799999999999999,0.5,1.2,0.0,0.21470375401490435,0.26,0.0,0.0,1,0.8333,0.4898,0,1.51,4.35,5.6
D1,11/04/2026,Borussia Dortmund,Bayer Leverkusen,H,1-0,0.2708,1.0,HIGH,0.5,0.5,0.0,0.0,0.24567474048442903,0.26,0.0,0.0,1,1.0,0.1219,0,1.9,3.8,3.55
D1,11/04/2026,VfL Wolfsburg,Eintracht Frankfurt,H,1-1,0.8585,0.675,MED,0.5,0.0,0.0,0.0,0.2628954467424181,0.26,0.0,0.08,0,0.25,0.4251,0,2.4,3.55,2.68
D2,11/04/2026,SV Darmstadt 98,Hannover 96,H,0-0,0.942,0.675,MED,0.5,0.0,0.0,0.0,0.26,0.26,0.0,0.08,0,0.25,0.2861,0,,,
D2,11/04/2026,Preußen Münster,SpVgg Greuther Fürth,D,1-2,0.0348,0.6482,MED,0.2,0.0,-1.6,0.0,0.24666666666666667,0.26,0.0,0.0,0,0.2133,0.0102,0,1.85,3.8,3.8
D2,11/04/2026,1. FC Nürnberg,Dynamo Dresden,D,0-3,0.2207,0.675,MED,0.0,0.5,0.0,0.0,0.25539427226363276,0.26,0.0,0.0,0,0.25,0.067,0,2.1,3.65,3.1
D2,11/04/2026,Hertha BSC,1. FC Kaiserslautern,H,1-2,0.2722,1.0,HIGH,0.5,0.5,0.0,0.0,0.2423614707405489,0.26,0.0,0.0,1,1.0,0.1225,0,1.8,3.85,3.9
E0,11/04/2026,Liverpool,Fulham,H,0-0,0.1506,0.8624,HIGH,0.48,0.6799999999999999,0.4,0.8,0.22312676524339595,0.3333333333333333,0.3333333333333333,0.08,1,0.8667,0.0584,0,1.58,4.2,5.1
E0,11/04/2026,Brentford,Everton,A,1-2,0.0409,0.8889,HIGH,0.43999999999999995,0.6,-0.2,0.6,0.2831858407079646,0.3333333333333333,-0.3333333333333333,0.0,1,0.7333,0.0164,0,2.2,3.3,3.2
E0,11/04/2026,Burnley,Brighton,A,0-3,1.0,0.634,MED,0.16,0.8,-1.0,0.8,0.2486881857211003,0.5,-0.16666666666666666,0.0,1,0.5333,0.4433,0,4.6,3.75,1.7
E0,11/04/2026,Arsenal,Bournemouth,H,1-0,1.0,0.6736,MED,0.8800000000000001,0.4,1.4,0.0,0.21055460980198906,0.0,0.3333333333333333,0.0,0,0.4356,0.4205,0,1.41,4.45,7.5
E1,11/04/2026,QPR,Bristol City,H,2-0,1.0,0.682,MED,0.4,0.08,0.4,-1.0,0.26,0.5,0.16666666666666666,0.0,1,0.5333,0.3069,0,,,
E1,11/04/2026,Norwich,Ipswich,H,1-1,0.7411,0.91,HIGH,0.6,0.44000000000000006,0.6,0.4,0.26,0.5,0.16666666666666666,0.08,0,0.4,0.3035,0,,,
E1,11/04/2026,Coventry,Sheffield Weds,H,3-0,1.0,0.582,MED,0.6,0.08,1.4,-1.0,0.26,0.0,0.6666666666666666,0.0,0,0.3333,0.2619,0,,,
E1,11/04/2026,Southampton,Derby,H,0-0,0.8009,0.888,HIGH,0.6799999999999999,0.6,0.8,0.4,0.26,0.5,0.16666666666666666,0.08,0,0.2133,0.32,0,,,
E1,11/04/2026,Sheffield Utd,Hull,H,1-0,0.6742,0.68,MED,0.0,0.4,0.0,-0.4,0.26,0.26,0.0,0.0,0,0.2133,0.2063,0,,,
E1,11/04/2026,Oxford,Watford,H,1-1,0.7263,0.904,HIGH,0.48,0.36,0.2,0.0,0.26,0.0,-0.3333333333333333,0.08,0,0.4,0.3621,0,,,
E1,11/04/2026,Charlton,Preston,H,0-3,1.0,0.75,HIGH,0.48,0.2,0.2,-1.0,0.26,0.16666666666666666,-0.8333333333333334,0.0,0,0.32,0.5042,0,,,
E1,11/04/2026,Stoke,Blackburn,H,1-0,0.3962,0.872,HIGH,0.27999999999999997,0.36,-0.4,0.0,0.26,0.16666666666666666,0.16666666666666666,0.0,1,0.5333,0.1555,0,,,
E1,11/04/2026,Middlesbrough,Portsmouth,H,2-0,1.0,0.662,MED,0.36,0.08,0.6,-1.4,0.26,0.5,-0.16666666666666666,0.0,0,0.3333,0.3312,0,,,
E1,11/04/2026,Leicester,Swansea,H,0-0,0.7339,0.914,HIGH,0.36,0.4,0.0,-0.4,0.26,0.0,0.3333333333333333,0.08,0,0.3556,0.3019,0,,,
E2,11/04/2026,Blackpool,Peterborough,H,1-0,1.0,0.666,MED,0.48,0.0,0.2,0.0,0.26,0.26,0.0,0.0,0,0.0889,0.2997,0,,,
E2,11/04/2026,Doncaster,Reading,H,1-1,0.8849,0.878,HIGH,0.6799999999999999,0.48,0.6,0.6,0.26,0.26,0.0,0.08,0,0.2844,0.3496,0,,,
E2,11/04/2026,Bradford,Stevenage,H,1-1,0.3702,0.868,HIGH,0.27999999999999997,0.4,-0.2,0.0,0.26,0.6666666666666666,-0.3333333333333333,0.08,0,0.2489,0.2113,0,,,
E2,11/04/2026,Burton,AFC Wimbledon,H,3-0,1.0,0.654,MED,0.4,0.08,0.2,-1.2,0.26,0.6666666666666666,0.3333333333333333,0.0,0,0.4356,0.2943,0,,,
E2,11/04/2026,Rotherham,Barnsley,A,1-3,0.7493,0.68,MED,0.08,0.24000000000000005,-1.8,-0.2,0.26,0.2,-0.4,0.0,0,0.4667,0.2293,0,,,
E2,11/04/2026,Wigan,Mansfield,H,0-2,0.1331,0.914,HIGH,0.48,0.5599999999999999,0.2,0.8,0.26,0.6666666666666666,-0.3333333333333333,0.0,0,0.48,0.1214,0,,,
E2,11/04/2026,Huddersfield,Wycombe,H,2-2,0.0428,0.878,HIGH,0.36,0.4,-0.2,0.6,0.26,0.0,0.3333333333333333,0.08,0,0.4267,0.0169,0,,,
E2,11/04/2026,Lincoln,Leyton Orient,H,5-0,0.771,0.914,HIGH,0.6799999999999999,0.6799999999999999,1.2,1.0,0.26,0.0,0.2,0.0,1,0.5867,0.3171,0,,,
E2,11/04/2026,Plymouth,Exeter,H,2-2,1.0,0.5,MED,0.6799999999999999,0.08,1.2,-1.4,0.26,0.0,0.2,0.08,0,0.3333,0.225,0,,,
E2,11/04/2026,Cardiff,Bolton,H,0-1,0.9063,0.916,HIGH,0.36,0.36,0.4,0.0,0.26,0.26,0.0,0.0,0,0.3556,0.3736,0,,,
E3,11/04/2026,Salford,Gillingham,H,0-3,1.0,0.4432,LOW,0.6,0.0,0.6,-2.0,0.26,0.16666666666666666,-0.5,0.0,0,0.2,0.2994,0,,,
E3,11/04/2026,Cambridge,Notts County,H,2-1,0.0351,0.9141,HIGH,0.48,0.6,1.0,1.2,0.26,0.16666666666666666,0.5,0.0,1,0.5867,0.0144,0,,,
E3,11/04/2026,Barnet,Barrow,H,1-1,1.0,0.7347,MED,0.48,0.27999999999999997,0.4,-1.2,0.26,0.26,0.0,0.08,0,0.4667,0.3306,0,,,
E3,11/04/2026,Accrington ST,Fleetwood Town,H,0-1,0.0273,0.71,MED,0.0,0.36,0.0,0.0,0.26,0.26,0.0,0.0,0,0.0178,0.0087,0,,,
E3,11/04/2026,Grimsby,Crewe,H,4-2,0.4131,0.9443,HIGH,0.48,0.48,1.0,0.4,0.26,0.0,0.0,0.0,0,0.48,0.1755,0,,,
E3,11/04/2026,Newport County,Harrogate,H,0-0,0.3635,0.8141,HIGH,0.4,0.2,0.0,-0.2,0.26,0.0,0.0,0.08,0,0.2489,0.1332,0,,,
E3,11/04/2026,Shrewsbury,Oldham,A,0-2,1.0,0.4273,LOW,0.0,0.6,-1.6,1.2,0.26,0.26,0.0,0.0,0,0.1333,0.1923,0,,,
E3,11/04/2026,Chesterfield,Tranmere,H,2-1,0.7407,0.6884,MED,0.4,0.08,-0.4,-1.2,0.26,0.3333333333333333,0.0,0.0,1,0.52,0.2295,0,,,
E3,11/04/2026,Walsall,Cheltenham,H,2-1,0.7208,0.8145,HIGH,0.5599999999999999,0.36,0.8,-0.2,0.26,0.16666666666666666,-0.5,0.0,1,0.56,0.3642,0,,,
E3,11/04/2026,Milton Keynes Dons,Bromley,A,1-1,0.1705,0.8623,HIGH,0.4,0.6,-0.2,0.4,0.26,0.3333333333333333,-0.6666666666666666,0.08,0,0.24,0.0662,0,,,
E3,11/04/2026,Bristol Rvs,Crawley Town,H,2-0,0.4589,0.8522,HIGH,0.6,0.36,0.6,0.2,0.26,0.16666666666666666,0.16666666666666666,0.0,0,0.1556,0.176,0,,,
EC,11/04/2026,Rochdale,Wealdstone,H,1-2,1.0,0.785,HIGH,0.48,0.2,0.2,-0.2,0.26,0.0,0.2,0.0,1,0.8667,0.3532,0,,,
EC,11/04/2026,Boston Utd,Truro City,H,0-2,0.6225,0.68,MED,0.27999999999999997,0.0,-0.8,0.0,0.26,0.26,0.0,0.0,0,0.2667,0.1905,0,,,
EC,11/04/2026,Altrincham,Eastleigh,H,0-1,1.0,0.655,MED,0.27999999999999997,0.0,-0.2,-1.4,0.26,0.0,-0.3333333333333333,0.0,0,0.4978,0.3614,0,,,
EC,11/04/2026,Woking,Morecambe,H,1-1,1.0,0.6695,MED,0.48,0.08,0.2,-0.8,0.26,0.2,-0.4,0.08,1,0.56,0.3813,0,,,
EC,11/04/2026,Yeovil,FC Halifax Town,H,1-1,1.0,0.6875,MED,0.4,0.0,0.2,0.0,0.26,0.26,0.0,0.08,0,0.1333,0.3094,0,,,
EC,11/04/2026,Forest Green,Braintree,H,1-0,1.0,0.6875,MED,0.4,0.0,0.2,0.0,0.26,0.26,0.0,0.0,0,0.1333,0.3094,0,,,
EC,11/04/2026,Carlisle,Sutton Utd,H,0-0,1.0,0.5875,MED,0.6,0.0,1.0,0.0,0.26,0.26,0.0,0.08,0,0.2222,0.2644,0,,,
EC,11/04/2026,Southend,Solihull,H,2-1,0.9601,0.864,HIGH,0.48,0.36,0.4,-0.4,0.26,0.0,0.6666666666666666,0.0,0,0.3422,0.3733,0,,,
EC,11/04/2026,Scunthorpe,Brackley Town,H,2-2,1.0,0.634,MED,0.6799999999999999,0.16,0.6,-1.0,0.26,0.26,0.0,0.08,1,0.5333,0.2853,0,,,
EC,11/04/2026,Tamworth,York,H,0-3,0.1379,0.91,HIGH,0.6,0.6,0.4,1.2,0.26,0.3333333333333333,0.0,0.0,1,0.52,0.0565,0,,,
EC,11/04/2026,Boreham Wood,Hartlepool,H,2-1,0.3644,0.9175,HIGH,0.48,0.6,0.6,0.4,0.26,0.6666666666666666,0.0,0.0,0,0.4,0.1505,0,,,
EC,11/04/2026,Aldershot,Gateshead,A,2-2,0.4145,0.73,MED,0.2,0.6,-0.6,0.2,0.26,0.5,0.16666666666666666,0.08,1,0.6222,0.1695,0,,,
I1,11/04/2026,Atalanta,Juventus,A,1-0,0.369,0.8292,HIGH,0.36,0.5599999999999999,0.0,1.0,0.2674905321905521,0.6666666666666666,0.0,0.0,1,0.56,0.1377,0,3.05,3.5,2.2
I1,11/04/2026,AC Milan,Udinese,A,0-1,0.6499,0.6281,MED,0.0,0.48,0.0,0.8,0.21003682772431817,0.26,0.0,0.0,0,0.0933,0.3752,0,1.36,4.45,9.1
I1,11/04/2026,Torino,Hellas Verona,H,2-0,0.4784,0.8961,HIGH,0.4,0.5,0.6,0.0,0.2791724137931034,0.26,0.0,0.0,1,0.9,0.1929,0,1.84,3.35,4.4
I1,11/04/2026,Cagliari,Cremonese,H,0-1,0.2823,0.854,HIGH,0.16,0.2,-0.8,-0.8,0.317208564631245,0.26,0.0,0.0,1,0.5378,0.1085,0,2.24,2.94,3.5
I2,11/04/2026,Pescara,Sampdoria,H,3-0,1.0,0.736,MED,0.48,0.27999999999999997,1.0,-0.8,0.26,0.0,0.3333333333333333,0.0,0,0.4,0.3312,0,,,
I2,11/04/2026,Virtus Entella,Venezia,A,2-1,0.2682,0.864,HIGH,0.4,0.5599999999999999,0.0,0.8,0.26,0.16666666666666666,-0.8333333333333334,0.0,0,0.3422,0.1043,0,,,
I2,11/04/2026,Juve Stabia,Cesena,H,3-2,0.3464,0.93,HIGH,0.36,0.36,0.0,-0.2,0.26,0.16666666666666666,-0.16666666666666666,0.0,1,0.5867,0.1783,0,,,
I2,11/04/2026,Monza,Bari,H,3-0,1.0,0.756,HIGH,0.36,0.2,0.2,-1.0,0.26,0.26,0.0,0.0,1,0.6667,0.3402,0,,,
I2,11/04/2026,Avellino,Catanzaro,H,0-1,0.5,0.916,HIGH,0.6,0.48,0.4,0.2,0.26,0.0,0.3333333333333333,0.0,1,1.0,0.2061,0,,,
I2,11/04/2026,Sudtirol,Modena,A,0-1,0.9338,0.634,MED,0.08,0.48,-0.8,0.6,0.26,0.5,-0.16666666666666666,0.0,0,0.3467,0.2664,0,,,
N1,11/04/2026,Heracles,Ajax,A,1-0,0.4243,0.7162,MED,0.16,0.44000000000000006,-1.2,0.4,0.21283158544108574,0.0,-1.0,0.0,0,0.4667,0.1367,0,5.75,4.4,1.5
N1,11/04/2026,Groningen,GO Ahead Eagles,H,2-1,1.0,0.6508,MED,0.48,0.0,0.6,0.0,0.24305758801756044,0.26,0.0,0.0,0,0.3111,0.4619,0,1.81,3.85,3.9
N1,11/04/2026,Sparta Rotterdam,PSV Eindhoven,A,3-0,0.2455,0.7834,HIGH,0.27999999999999997,0.6,-0.6,0.4,0.21592586393170718,0.0,-1.0,0.0,1,0.8667,0.0865,0,4.3,4.33,1.65
N1,11/04/2026,Utrecht,Telstar,H,0-1,0.6626,0.8366,HIGH,0.76,0.6,1.2,0.8,0.23965654130032057,0.26,0.0,0.0,1,0.7467,0.2807,0,1.63,3.9,5.0
SC0,11/04/2026,Heart Of Midlothian,Motherwell,A,0-0,0.7217,0.6333,MED,0.0,0.48,0.0,0.8,0.2667173252279635,0.26,0.0,0.08,0,0.2,0.3745,0,1.89,3.5,3.9
SC0,11/04/2026,Aberdeen,Hibernian,A,0-0,1.0,0.6507,MED,0.16,0.6399999999999999,-1.0,0.6,0.27502805618977594,0.16666666666666666,-0.5,0.08,0,0.4667,0.4839,0,3.45,3.4,2.06
SC0,11/04/2026,Kilmarnock,Dundee,H,1-2,0.2795,0.8907,HIGH,0.48,0.36,-0.4,0.0,0.27439024390243905,0.3333333333333333,0.0,0.0,1,0.9333,0.112,0,2.25,3.4,3.0
SC0,11/04/2026,Celtic,ST Mirren,H,0-1,0.3184,0.9753,HIGH,0.48,0.5,0.2,0.0,0.15105815614170004,0.26,0.0,0.0,1,0.87,0.1397,0,1.21,6.2,12.5
SC0,11/04/2026,Dundee Utd,Livingston,H,3-0,0.8246,0.8077,HIGH,0.5,0.24000000000000005,0.0,-0.4,0.26022102185440305,0.26,0.0,0.0,1,0.5833,0.4031,0,1.77,3.6,4.45
SC1,11/04/2026,Ayr Utd,Arbroath,A,0-2,0.2573,0.69,MED,0.0,0.44000000000000006,0.0,0.0,0.26,0.26,0.0,0.0,0,0.04,0.0799,0,,,
SC1,11/04/2026,Raith Rovers,Morton,H,1-1,0.6454,0.8988,HIGH,0.5,0.4,0.0,-0.6,0.26,0.26,0.0,0.08,1,0.8333,0.261,0,,,
SC1,11/04/2026,Partick,Dunfermline,H,2-2,0.2333,0.8519,HIGH,0.76,0.6799999999999999,1.0,1.4,0.26,0.3333333333333333,0.3333333333333333,0.08,0,0.44,0.0894,0,,,
SC1,11/04/2026,ST Johnstone,Airdrie United,H,0-3,0.2599,1.0,HIGH,0.5,0.5,0.0,0.0,0.26,0.26,0.0,0.0,1,1.0,0.117,0,,,
SP1,11/04/2026,Sevilla,Atletico Madrid,A,0-1,0.159,0.7165,MED,0.16,0.5,-1.0,0.0,0.2671232876712329,0.26,0.0,0.0,1,0.8333,0.0513,0,3.25,3.5,2.1
SP1,11/04/2026,Barcelona,Espanyol,H,2-2,1.0,0.5375,MED,1.0,0.5,2.2,0.0,0.14607543644170104,0.26,0.0,0.08,1,0.7,0.3215,0,1.21,6.4,11.5
SP1,11/04/2026,Elche,Valencia,A,1-3,0.3164,0.7445,MED,0.27999999999999997,0.6,-0.8,0.6,0.28701030927835053,0.3333333333333333,-0.6666666666666666,0.0,1,0.6667,0.1079,0,2.32,3.25,3.0
SP1,11/04/2026,Real Sociedad,Alaves,H,3-4,0.8992,0.832,HIGH,0.5,0.27999999999999997,0.0,-0.4,0.2706894859124971,0.26,0.0,0.0,1,0.9667,0.4657,0,1.76,3.45,4.7
SP2,11/04/2026,Burgos,Sporting Gijon,H,0-0,1.0,0.5158,MED,0.76,0.0,1.4,0.0,0.26,0.26,0.0,0.08,0,0.0356,0.2321,0,,,
SP2,11/04/2026,Leganes,Albacete,A,2-0,0.2855,0.8336,HIGH,0.36,0.6399999999999999,0.4,1.0,0.26,0.0,0.0,0.0,1,0.6844,0.1071,0,,,
SP2,11/04/2026,Malaga,Las Palmas,H,1-3,1.0,0.8167,HIGH,0.6399999999999999,0.4,1.0,0.0,0.26,0.16666666666666666,-0.16666666666666666,0.0,1,0.9333,0.4008,0,,,
SP2,11/04/2026,Cordoba,Zaragoza,A,0-1,1.0,0.5705,MED,0.08,0.48,-1.8,0.6,0.26,0.5,-0.16666666666666666,0.0,1,0.5333,0.2567,0,,,
